{
  "project_info": {
    "project_number": "805620543250",
    "project_id": "c-a-f-fit-gw8pso",
    "storage_bucket": "c-a-f-fit-gw8pso.appspot.com"
  },
  "client": [
    {
      "client_info": {
        "mobilesdk_app_id": "1:805620543250:android:814b550dc5303e8b2c4dcb",
        "android_client_info": {
          "package_name": "com.mycompany.caffit"
        }
      },
      "oauth_client": [
        {
          "client_id": "805620543250-qfnrg61bt0k2aj8pactudbmrdkul3a8h.apps.googleusercontent.com",
          "client_type": 1,
          "android_info": {
            "package_name": "com.mycompany.caffit",
            "certificate_hash": "9bbb3186b2189ef16d8f272bdab59362c395cbb4"
          }
        },
        {
          "client_id": "805620543250-vhpevv4t8md06vrhmdrgnksahiielqie.apps.googleusercontent.com",
          "client_type": 3
        }
      ],
      "api_key": [
        {
          "current_key": "AIzaSyClhRk0EkThjTh9TvQ1Ngd9_bNmcGmXxHo"
        }
      ],
      "services": {
        "appinvite_service": {
          "other_platform_oauth_client": [
            {
              "client_id": "805620543250-vhpevv4t8md06vrhmdrgnksahiielqie.apps.googleusercontent.com",
              "client_type": 3
            },
            {
              "client_id": "805620543250-43tkkdfjsgcq1l8iie174h00scv9g33h.apps.googleusercontent.com",
              "client_type": 2,
              "ios_info": {
                "bundle_id": "com.mycompany.caffit"
              }
            }
          ]
        }
      }
    }
  ],
  "configuration_version": "1"
}