{
  "indexes": [
    {
      "collectionGroup": "sesiones",
      "queryScope": "COLLECTION",
      "fields": [
        {
          "fieldPath": "fecha_sesion",
          "order": "ASCENDING"
        },
        {
          "fieldPath": "created_time",
          "order": "ASCENDING"
        }
      ]
    },
    {
      "collectionGroup": "reservas",
      "queryScope": "COLLECTION",
      "fields": [
        {
          "fieldPath": "user",
          "order": "ASCENDING"
        },
        {
          "fieldPath": "created_time",
          "order": "ASCENDING"
        }
      ]
    }
  ],
  "fieldOverrides": [
    {
      "collectionGroup": "reviewrutinas",
      "fieldPath": "user",
      "indexes": [
        {
          "order": "ASCENDING",
          "queryScope": "COLLECTION_GROUP"
        }
      ]
    }
  ]
}